{
	"entity.player.attack.crit": {
		"replace": "true",
		"sounds": [{
			"name": "goldendays/blank"
		}]
	},
	"entity.player.attack.knockback": {
		"replace": "true",
		"sounds": [{
			"name": "goldendays/blank"
		}]
	},
	"entity.player.attack.nodamage": {
		"replace": "true",
		"sounds": [{
			"name": "goldendays/blank"
		}]
	},
	"entity.player.attack.strong": {
		"replace": "true",
		"sounds": [{
			"name": "goldendays/blank"
		}]
	},
	"entity.player.attack.sweep": {
		"replace": "true",
		"sounds": [{
			"name": "goldendays/blank"
		}]
	},
	"entity.player.attack.weak": {
		"replace": "true",
		"sounds": [{
			"name": "goldendays/blank"
		}]
	},
    "entity.player.hurt_drown": {
		"replace": "true",
		"sounds": [
            "damage/hit1",
            "damage/hit2",
            "damage/hit3"
		]
	},
    "entity.player.hurt_on_fire": {
		"replace": "true",
		"sounds": [
            "damage/hit1",
            "damage/hit2",
            "damage/hit3"
		]
	},
    "entity.player.hurt_sweet_berry_bush": {
		"replace": "true",
		"sounds": [
            "damage/hit1",
            "damage/hit2",
            "damage/hit3"
		]
	},
	"entity.boat.paddle_land": {
		"replace": "true",
		"sounds": [{
			"name": "goldendays/blank"
		}]
	},
	"entity.boat.paddle_water": {
		"replace": "true",
		"sounds": [{
			"name": "goldendays/blank"
		}]
	},
	"ambient.underwater.exit": {
		"replace": "true",
		"sounds": [{
			"name": "goldendays/blank"
		}]
	},
	"ambient.underwater.enter": {
		"replace": "true",
		"sounds": [{
			"name": "goldendays/blank"
		}]
	},
	"ambient.underwater.loop": {
		"replace": "true",
		"sounds": [{
			"name": "goldendays/blank"
		}]
	},
	"ambient.underwater.loop.additions": {
		"replace": "true",
		"sounds": [{
			"name": "goldendays/blank"
		}]
	},
	"ambient.underwater.loop.additions.rare": {
		"replace": "true",
		"sounds": [{
			"name": "goldendays/blank"
		}]
	},
	"ambient.underwater.loop.additions.ultra_rare": {
		"replace": "true",
		"sounds": [{
			"name": "goldendays/blank"
		}]
	},
	"entity.generic.swim": {
		"replace": "true",
		"sounds": [{
			"name": "goldendays/blank"
		}]
	},
	"entity.hostile.swim": {
		"replace": "true",
		"sounds": [{
			"name": "goldendays/blank"
		}]
	},
	"entity.player.swim": {
		"replace": "true",
		"sounds": [{
			"name": "goldendays/blank"
		}]
	},
	"block.ladder.step": {
		"replace": "true",
		"sounds": [{
			"name": "goldendays/blank"
		}]
	},
	"block.vine.step": {
		"replace": "true",
		"sounds": [{
			"name": "goldendays/blank"
		}]
	},
	"entity.minecart.inside": {
		"replace": "true",
		"sounds": [{
			"name": "goldendays/blank"
		}]
	},
	"item.bucket.empty": {
		"replace": "true",
		"sounds": [{
			"name": "goldendays/blank"
		}]
	},
	"item.bucket.empty_fish": {
		"replace": "true",
		"sounds": [{
			"name": "goldendays/blank"
		}]
	},
	"item.bucket.empty_lava": {
		"replace": "true",
		"sounds": [{
			"name": "goldendays/blank"
		}]
	},
	"item.bucket.fill": {
		"replace": "true",
		"sounds": [{
			"name": "goldendays/blank"
		}]
	},
	"item.bucket.fill_fish": {
		"replace": "true",
		"sounds": [{
			"name": "goldendays/blank"
		}]
	},
	"item.bucket.fill_lava": {
		"replace": "true",
		"sounds": [{
			"name": "goldendays/blank"
		}]
	},
	"block.lava.pop": {
		"replace": "true",
		"sounds": [{
			"name": "goldendays/blank"
		}]
	},
	"block.lava.ambient": {
		"replace": "true",
		"sounds": [{
			"name": "goldendays/blank"
		}]
	},
	"block.netherrack.break": {
		"replace": "true",
		"sounds": [
			"dig/stone1",
			"dig/stone2",
			"dig/stone3",
			"dig/stone4"
		]
	},
	"block.netherrack.place": {
		"replace": "true",
		"sounds": [
			"dig/stone1",
			"dig/stone2",
			"dig/stone3",
			"dig/stone4"
		]
	},
	"block.netherrack.hit": {
		"replace": "true",
		"sounds": [
            "step/stone1",
            "step/stone2",
            "step/stone3",
            "step/stone4",
            "step/stone5",
            "step/stone6"
		]
	},
	"block.netherrack.step": {
		"replace": "true",
		"sounds": [
            "step/stone1",
            "step/stone2",
            "step/stone3",
            "step/stone4",
            "step/stone5",
            "step/stone6"
		]
	},
	"block.deepslate.break": {
		"replace": "true",
		"sounds": [
			"dig/deepslate1",
			"dig/deepslate2",
			"dig/deepslate3",
			"dig/deepslate4"
		]
	},
	"block.deepslate.place": {
		"replace": "true",
		"sounds": [
			"dig/deepslate1",
			"dig/deepslate2",
			"dig/deepslate3",
			"dig/deepslate4"
		]
	},
	"block.deepslate.hit": {
		"replace": "true",
		"sounds": [
            "step/stone1",
            "step/stone2",
            "step/stone3",
            "step/stone4",
            "step/stone5",
            "step/stone6"
		]
	},
	"block.deepslate.step": {
		"replace": "true",
		"sounds": [
            "step/stone1",
            "step/stone2",
            "step/stone3",
            "step/stone4",
            "step/stone5",
            "step/stone6"
		]
	},
	"block.deepslate_tiles.break": {
		"replace": "true",
		"sounds": [
			"dig/deepslate1",
			"dig/deepslate2",
			"dig/deepslate3",
			"dig/deepslate4"
		]
	},
	"block.deepslate_tiles.place": {
		"replace": "true",
		"sounds": [
			"dig/deepslate1",
			"dig/deepslate2",
			"dig/deepslate3",
			"dig/deepslate4"
		]
	},
	"block.deepslate_tiles.hit": {
		"replace": "true",
		"sounds": [
            "step/stone1",
            "step/stone2",
            "step/stone3",
            "step/stone4",
            "step/stone5",
            "step/stone6"
		]
	},
	"block.deepslate_tiles.step": {
		"replace": "true",
		"sounds": [
            "step/stone1",
            "step/stone2",
            "step/stone3",
            "step/stone4",
            "step/stone5",
            "step/stone6"
		]
	},
	"block.tuff.break": {
		"replace": "true",
		"sounds": [
			"dig/stone1",
			"dig/stone2",
			"dig/stone3",
			"dig/stone4"
		]
	},
	"block.tuff.place": {
		"replace": "true",
		"sounds": [
			"dig/stone1",
			"dig/stone2",
			"dig/stone3",
			"dig/stone4"
		]
	},
	"block.tuff.hit": {
		"replace": "true",
		"sounds": [
            "step/stone1",
            "step/stone2",
            "step/stone3",
            "step/stone4",
            "step/stone5",
            "step/stone6"
		]
	},
	"block.tuff.step": {
		"replace": "true",
		"sounds": [
            "step/stone1",
            "step/stone2",
            "step/stone3",
            "step/stone4",
            "step/stone5",
            "step/stone6"
		]
	},
	"block.calcite.break": {
		"replace": "true",
		"sounds": [
			"dig/stone1",
			"dig/stone2",
			"dig/stone3",
			"dig/stone4"
		]
	},
	"block.calcite.place": {
		"replace": "true",
		"sounds": [
			"dig/stone1",
			"dig/stone2",
			"dig/stone3",
			"dig/stone4"
		]
	},
	"block.calcite.hit": {
		"replace": "true",
		"sounds": [
            "step/stone1",
            "step/stone2",
            "step/stone3",
            "step/stone4",
            "step/stone5",
            "step/stone6"
		]
	},
	"block.calcite.step": {
		"replace": "true",
		"sounds": [
            "step/stone1",
            "step/stone2",
            "step/stone3",
            "step/stone4",
            "step/stone5",
            "step/stone6"
		]
	},
	"block.dripstone_block.break": {
		"replace": "true",
		"sounds": [
			"dig/stone1",
			"dig/stone2",
			"dig/stone3",
			"dig/stone4"
		]
	},
	"block.dripstone_block.place": {
		"replace": "true",
		"sounds": [
			"dig/stone1",
			"dig/stone2",
			"dig/stone3",
			"dig/stone4"
		]
	},
	"block.dripstone_block.hit": {
		"replace": "true",
		"sounds": [
            "step/stone1",
            "step/stone2",
            "step/stone3",
            "step/stone4",
            "step/stone5",
            "step/stone6"
		]
	},
	"block.dripstone_block.step": {
		"replace": "true",
		"sounds": [
            "step/stone1",
            "step/stone2",
            "step/stone3",
            "step/stone4",
            "step/stone5",
            "step/stone6"
		]
	},
	"block.pointed_dripstone.break": {
		"replace": "true",
		"sounds": [
			"dig/stone1",
			"dig/stone2",
			"dig/stone3",
			"dig/stone4"
		]
	},
	"block.pointed_dripstone.place": {
		"replace": "true",
		"sounds": [
			"dig/stone1",
			"dig/stone2",
			"dig/stone3",
			"dig/stone4"
		]
	},
	"block.pointed_dripstone.hit": {
		"replace": "true",
		"sounds": [
            "step/stone1",
            "step/stone2",
            "step/stone3",
            "step/stone4",
            "step/stone5",
            "step/stone6"
		]
	},
	"block.pointed_dripstone.step": {
		"replace": "true",
		"sounds": [
            "step/stone1",
            "step/stone2",
            "step/stone3",
            "step/stone4",
            "step/stone5",
            "step/stone6"
		]
	},
	"block.pointed_dripstone.land": {
		"replace": "true",
		"sounds": [
            "step/stone1",
            "step/stone2",
            "step/stone3",
            "step/stone4",
            "step/stone5",
            "step/stone6"
		]
	},
	"block.ladder.hit": {
		"replace": "true",
		"sounds": [
            "dig/wood1",
            "dig/wood2",
            "dig/wood3",
            "dig/wood4"
		]
	},
	"block.soul_sand.break": {
		"replace": "true",
		"sounds": [
            "step/gravel1",
            "step/gravel2",
            "step/gravel3",
            "step/gravel4"
		]
	},
	"block.soul_sand.place": {
		"replace": "true",
		"sounds": [
            "step/sand1",
            "step/sand2",
            "step/sand3",
            "step/sand4"
		]
	},
	"block.soul_sand.hit": {
		"replace": "true",
		"sounds": [
            "step/sand1",
            "step/sand2",
            "step/sand3",
            "step/sand4"
		]
	},
	"block.soul_sand.step": {
		"replace": "true",
		"sounds": [
            "step/sand1",
            "step/sand2",
            "step/sand3",
            "step/sand4"
		]
	},
	"block.soul_soil.break": {
		"replace": "true",
		"sounds": [
            "step/gravel1",
            "step/gravel2",
            "step/gravel3",
            "step/gravel4"
		]
	},
	"block.soul_soil.place": {
		"replace": "true",
		"sounds": [
            "step/gravel1",
            "step/gravel2",
            "step/gravel3",
            "step/gravel4"
		]
	},
	"block.soul_soil.hit": {
		"replace": "true",
		"sounds": [
            "step/sand1",
            "step/sand2",
            "step/sand3",
            "step/sand4"
		]
	},
	"block.soul_soil.step": {
		"replace": "true",
		"sounds": [
            "step/gravel1",
            "step/gravel2",
            "step/gravel3",
            "step/gravel4"
		]
	},
	"block.nylium.break": {
		"replace": "true",
		"sounds": [
            "step/stone1",
            "step/stone2",
            "step/stone3",
            "step/stone4"
		]
	},
	"block.nylium.place": {
		"replace": "true",
		"sounds": [
            "step/stone1",
            "step/stone2",
            "step/stone3",
            "step/stone4"
		]
	},
	"block.nylium.hit": {
		"replace": "true",
		"sounds": [
            "step/stone1",
            "step/stone2",
            "step/stone3",
            "step/stone4"
		]
	},
	"block.nylium.step": {
		"replace": "true",
		"sounds": [
            "dig/grass1",
            "dig/grass2",
            "dig/grass3",
            "dig/grass4"
		]
	},
	"block.roots.break": {
		"replace": "true",
		"sounds": [
            "dig/grass1",
            "dig/grass2",
            "dig/grass3",
            "dig/grass4"
		]
	},
	"block.roots.place": {
		"replace": "true",
		"sounds": [
            "dig/grass1",
            "dig/grass2",
            "dig/grass3",
            "dig/grass4"
		]
	},
	"block.roots.hit": {
		"replace": "true",
		"sounds": [
            "dig/grass1",
            "dig/grass2",
            "dig/grass3",
            "dig/grass4"
		]
	},
	"block.roots.step": {
		"replace": "true",
		"sounds": [
            "dig/grass1",
            "dig/grass2",
            "dig/grass3",
            "dig/grass4"
		]
	},
	"block.wet_grass.break": {
		"replace": "true",
		"sounds": [
            "goldendays/seagrass1",
            "goldendays/seagrass2",
            "goldendays/seagrass3",
            "goldendays/seagrass4"
		]
	},
	"block.wet_grass.place": {
		"replace": "true",
		"sounds": [
            "goldendays/seagrass1",
            "goldendays/seagrass2",
            "goldendays/seagrass3",
            "goldendays/seagrass4"
		]
	},
	"block.wet_grass.step": {
		"replace": "true",
		"sounds": [
            "goldendays/seagrass1",
            "goldendays/seagrass2",
            "goldendays/seagrass3",
            "goldendays/seagrass4"
		]
	},
	"block.wet_grass.hit": {
		"replace": "true",
		"sounds": [
            "goldendays/seagrass1",
            "goldendays/seagrass2",
            "goldendays/seagrass3",
            "goldendays/seagrass4"
		]
	},
	"block.lily_pad.break": {
		"replace": "true",
		"sounds": [
            "dig/grass1",
            "dig/grass2",
            "dig/grass3",
            "dig/grass4"
		]
	},
	"block.lily_pad.place": {
		"replace": "true",
		"sounds": [
            "dig/grass1",
            "dig/grass2",
            "dig/grass3",
            "dig/grass4"
		]
	},
	"block.weeping_vines.break": {
		"replace": "true",
		"sounds": [
            "dig/grass1",
            "dig/grass2",
            "dig/grass3",
            "dig/grass4"
		]
	},
	"block.weeping_vines.place": {
		"replace": "true",
		"sounds": [
            "dig/grass1",
            "dig/grass2",
            "dig/grass3",
            "dig/grass4"
		]
	},
	"block.weeping_vines.hit": {
		"replace": "true",
		"sounds": [
            "dig/grass1",
            "dig/grass2",
            "dig/grass3",
            "dig/grass4"
		]
	},
	"block.fungus.break": {
		"replace": "true",
		"sounds": [
            "dig/grass1",
            "dig/grass2",
            "dig/grass3",
            "dig/grass4"
		]
	},
	"block.fungus.place": {
		"replace": "true",
		"sounds": [
            "dig/grass1",
            "dig/grass2",
            "dig/grass3",
            "dig/grass4"
		]
	},
	"block.fungus.hit": {
		"replace": "true",
		"sounds": [
            "dig/grass1",
            "dig/grass2",
            "dig/grass3",
            "dig/grass4"
		]
	},
	"block.fungus.step": {
		"replace": "true",
		"sounds": [
            "dig/grass1",
            "dig/grass2",
            "dig/grass3",
            "dig/grass4"
		]
	},
	"block.moss.step": {
		"replace": "true",
		"sounds": [
            "dig/grass1",
            "dig/grass2",
            "dig/grass3",
            "dig/grass4"
		]
	},
	"block.moss.place": {
		"replace": "true",
		"sounds": [
            "dig/grass1",
            "dig/grass2",
            "dig/grass3",
            "dig/grass4"
		]
	},
	"block.moss.break": {
		"replace": "true",
		"sounds": [
            "dig/grass1",
            "dig/grass2",
            "dig/grass3",
            "dig/grass4"
		]
	},
	"block.moss_carpet.step": {
		"replace": "true",
		"sounds": [
            "dig/grass1",
            "dig/grass2",
            "dig/grass3",
            "dig/grass4"
		]
	},
	"block.moss_carpet.place": {
		"replace": "true",
		"sounds": [
            "dig/grass1",
            "dig/grass2",
            "dig/grass3",
            "dig/grass4"
		]
	},
	"block.moss_carpet.break": {
		"replace": "true",
		"sounds": [
            "dig/grass1",
            "dig/grass2",
            "dig/grass3",
            "dig/grass4"
		]
	},
	"block.azalea.step": {
		"replace": "true",
		"sounds": [
            "dig/grass1",
            "dig/grass2",
            "dig/grass3",
            "dig/grass4"
		]
	},
	"block.azalea.place": {
		"replace": "true",
		"sounds": [
            "dig/grass1",
            "dig/grass2",
            "dig/grass3",
            "dig/grass4"
		]
	},
	"block.azalea.break": {
		"replace": "true",
		"sounds": [
            "dig/grass1",
            "dig/grass2",
            "dig/grass3",
            "dig/grass4"
		]
	},
	"block.flowering_azalea.step": {
		"replace": "true",
		"sounds": [
            "dig/grass1",
            "dig/grass2",
            "dig/grass3",
            "dig/grass4"
		]
	},
	"block.flowering_azalea.place": {
		"replace": "true",
		"sounds": [
            "dig/grass1",
            "dig/grass2",
            "dig/grass3",
            "dig/grass4"
		]
	},
	"block.flowering_azalea.break": {
		"replace": "true",
		"sounds": [
            "dig/grass1",
            "dig/grass2",
            "dig/grass3",
            "dig/grass4"
		]
	},
	"block.big_dripleaf.step": {
		"replace": "true",
		"sounds": [
            "dig/grass1",
            "dig/grass2",
            "dig/grass3",
            "dig/grass4"
		]
	},
	"block.big_dripleaf.place": {
		"replace": "true",
		"sounds": [
            "dig/grass1",
            "dig/grass2",
            "dig/grass3",
            "dig/grass4"
		]
	},
	"block.big_dripleaf.break": {
		"replace": "true",
		"sounds": [
            "dig/grass1",
            "dig/grass2",
            "dig/grass3",
            "dig/grass4"
		]
	},
	"block.small_dripleaf.step": {
		"replace": "true",
		"sounds": [
            "dig/grass1",
            "dig/grass2",
            "dig/grass3",
            "dig/grass4"
		]
	},
	"block.small_dripleaf.place": {
		"replace": "true",
		"sounds": [
            "dig/grass1",
            "dig/grass2",
            "dig/grass3",
            "dig/grass4"
		]
	},
	"block.small_dripleaf.break": {
		"replace": "true",
		"sounds": [
            "dig/grass1",
            "dig/grass2",
            "dig/grass3",
            "dig/grass4"
		]
	},
    "block.chest.close": {
        "replace": "true",
        "sounds": [{
            "name": "block/chest/close"
        }]
    },
    "block.chest.open": {
        "replace": "true",
        "sounds": [{
            "name": "block/chest/open"
        }]
    },
    "block.ender_chest.close": {
        "replace": "true",
        "sounds": [{
            "name": "block/chest/close"
        }]
    },
    "block.ender_chest.open": {
        "replace": "true",
        "sounds": [{
            "name": "block/chest/open"
        }]
    },
	"block.stem.break": {
		"replace": "true",
		"sounds": [
            "step/wood1",
            "step/wood2",
            "step/wood3",
            "step/wood4"
		]
	},
	"block.stem.place": {
		"replace": "true",
		"sounds": [
            "step/wood1",
            "step/wood2",
            "step/wood3",
            "step/wood4"
		]
	},
	"block.stem.hit": {
		"replace": "true",
		"sounds": [
            "step/wood1",
            "step/wood2",
            "step/wood3",
            "step/wood4"
		]
	},
	"block.stem.step": {
		"replace": "true",
		"sounds": [
            "dig/wood1",
            "dig/wood2",
            "dig/wood3",
            "dig/wood4"
		]
	},
    "block.gilded_blackstone.break": {
		"replace": "true",
		"sounds": [
            "step/stone1",
            "step/stone2",
            "step/stone3",
            "step/stone4"
		]
	},
	"block.gilded_blackstone.place": {
		"replace": "true",
		"sounds": [
            "step/stone1",
            "step/stone2",
            "step/stone3",
            "step/stone4"
		]
	},
	"block.gilded_blackstone.hit": {
		"replace": "true",
		"sounds": [
            "step/stone1",
            "step/stone2",
            "step/stone3",
            "step/stone4"
		]
	},
	"block.gilded_blackstone.step": {
		"replace": "true",
		"sounds": [
            "dig/stone1",
            "dig/stone2",
            "dig/stone3",
            "dig/stone4"
		]
	},
    "block.nether_gold_ore.break": {
		"replace": "true",
		"sounds": [
            "step/stone1",
            "step/stone2",
            "step/stone3",
            "step/stone4"
		]
	},
	"block.nether_gold_ore.place": {
		"replace": "true",
		"sounds": [
            "step/stone1",
            "step/stone2",
            "step/stone3",
            "step/stone4"
		]
	},
	"block.nether_gold_ore.hit": {
		"replace": "true",
		"sounds": [
            "step/stone1",
            "step/stone2",
            "step/stone3",
            "step/stone4"
		]
	},
	"block.nether_gold_ore.step": {
		"replace": "true",
		"sounds": [
            "dig/stone1",
            "dig/stone2",
            "dig/stone3",
            "dig/stone4"
		]
	},
    "block.nether_ore.break": {
		"replace": "true",
		"sounds": [
            "step/stone1",
            "step/stone2",
            "step/stone3",
            "step/stone4"
		]
	},
	"block.nether_ore.place": {
		"replace": "true",
		"sounds": [
            "step/stone1",
            "step/stone2",
            "step/stone3",
            "step/stone4"
		]
	},
	"block.nether_ore.hit": {
		"replace": "true",
		"sounds": [
            "step/stone1",
            "step/stone2",
            "step/stone3",
            "step/stone4"
		]
	},
	"block.nether_ore.step": {
		"replace": "true",
		"sounds": [
            "dig/stone1",
            "dig/stone2",
            "dig/stone3",
            "dig/stone4"
		]
	},
    "block.nether_bricks.break": {
		"replace": "true",
		"sounds": [
            "step/stone1",
            "step/stone2",
            "step/stone3",
            "step/stone4"
		]
	},
	"block.nether_bricks.place": {
		"replace": "true",
		"sounds": [
            "step/stone1",
            "step/stone2",
            "step/stone3",
            "step/stone4"
		]
	},
	"block.nether_bricks.hit": {
		"replace": "true",
		"sounds": [
            "step/stone1",
            "step/stone2",
            "step/stone3",
            "step/stone4"
		]
	},
	"block.nether_bricks.step": {
		"replace": "true",
		"sounds": [
            "dig/stone1",
            "dig/stone2",
            "dig/stone3",
            "dig/stone4"
		]
	},
    "block.basalt.break": {
		"replace": "true",
		"sounds": [
            "step/stone1",
            "step/stone2",
            "step/stone3",
            "step/stone4"
		]
	},
	"block.basalt.place": {
		"replace": "true",
		"sounds": [
            "step/stone1",
            "step/stone2",
            "step/stone3",
            "step/stone4"
		]
	},
	"block.basalt.hit": {
		"replace": "true",
		"sounds": [
            "step/stone1",
            "step/stone2",
            "step/stone3",
            "step/stone4"
		]
	},
	"block.basalt.step": {
		"replace": "true",
		"sounds": [
            "dig/stone1",
            "dig/stone2",
            "dig/stone3",
            "dig/stone4"
		]
	},
    "block.bone_block.break": {
		"replace": "true",
		"sounds": [
            "step/stone1",
            "step/stone2",
            "step/stone3",
            "step/stone4"
		]
	},
	"block.bone_block.place": {
		"replace": "true",
		"sounds": [
            "step/stone1",
            "step/stone2",
            "step/stone3",
            "step/stone4"
		]
	},
	"block.bone_block.hit": {
		"replace": "true",
		"sounds": [
            "step/stone1",
            "step/stone2",
            "step/stone3",
            "step/stone4"
		]
	},
	"block.bone_block.step": {
		"replace": "true",
		"sounds": [
            "dig/stone1",
            "dig/stone2",
            "dig/stone3",
            "dig/stone4"
		]
	},
    "block.nether_wart.break": {
		"replace": "true",
		"sounds": [
            "step/stone1",
            "step/stone2",
            "step/stone3",
            "step/stone4"
		]
	},
	"item.nether_wart.plant": {
		"replace": "true",
		"sounds": [{
			"name": "goldendays/blank"
		}]
	},
	"block.nether_wart.hit": {
		"replace": "true",
		"sounds": [
            "step/stone1",
            "step/stone2",
            "step/stone3",
            "step/stone4"
		]
	},
	"block.nether_wart.step": {
		"replace": "true",
		"sounds": [
            "dig/stone1",
            "dig/stone2",
            "dig/stone3",
            "dig/stone4"
		]
	},
	"block.sand.place": {
		"replace": "true",
		"sounds": [
            "step/sand1",
            "step/sand2",
            "step/sand3",
            "step/sand4"
		]
	},
	"entity.minecart.riding": {
		"replace": "true",
		"sounds": [{
			"name": "goldendays/blank"
		}]
	},
	"entity.player.splash.high_speed": {
		"replace": "true",
		"sounds": [
			"liquid/splash",
            "liquid/splash2"
		]
	},
	"entity.experience_orb.pickup": {
		"replace": "true",
		"sounds": [{
			"name": "random/pop"
		}]
	},
	"block.iron_door.open": {
		"replace": "true",
		"sounds": [{
			"name": "goldendays/door/open"
		}]
	},
	"block.iron_door.close": {
		"replace": "true",
		"sounds": [{
			"name": "goldendays/door/close"
		}]
	},
	"block.iron_trapdoor.open": {
		"replace": "true",
		"sounds": [{
			"name": "goldendays/door/open"
		}]
	},
	"block.iron_trapdoor.close": {
		"replace": "true",
		"sounds": [{
			"name": "goldendays/door/close"
		}]
	},
	"block.wooden_door.open": {
		"replace": "true",
		"sounds": [{
			"name": "goldendays/door/open"
		}]
	},
	"block.wooden_door.close": {
		"replace": "true",
		"sounds": [{
			"name": "goldendays/door/close"
		}]
	},
	"block.wooden_trapdoor.open": {
		"replace": "true",
		"sounds": [{
			"name": "goldendays/door/open"
		}]
	},
	"block.wooden_trapdoor.close": {
		"replace": "true",
		"sounds": [{
			"name": "goldendays/door/close"
		}]
	},
	"item.armor.equip_generic": {
		"replace": "true",
		"sounds": [{
			"name": "goldendays/blank"
		}]
	},
	"item.armor.equip_elytra": {
		"replace": "true",
		"sounds": [{
			"name": "goldendays/blank"
		}]
	},
	"item.armor.equip_diamond": {
		"replace": "true",
		"sounds": [{
			"name": "goldendays/blank"
		}]
	},
	"item.armor.equip_chain": {
		"replace": "true",
		"sounds": [{
			"name": "goldendays/blank"
		}]
	},
	"item.armor.equip_gold": {
		"replace": "true",
		"sounds": [{
			"name": "goldendays/blank"
		}]
	},
	"item.armor.equip_iron": {
		"replace": "true",
		"sounds": [{
			"name": "goldendays/blank"
		}]
	},
	"item.armor.equip_leather": {
		"replace": "true",
		"sounds": [{
			"name": "goldendays/blank"
		}]
	},
	"item.armor.equip_netherite": {
		"replace": "true",
		"sounds": [{
			"name": "goldendays/blank"
		}]
	},
	"item.armor.equip_turtle": {
		"replace": "true",
		"sounds": [{
			"name": "goldendays/blank"
		}]
	},
	"weather.rain": {
		"replace": "true",
		"sounds": [
			"goldendays/weather/rain/rain1",
			"goldendays/weather/rain/rain2",
			"goldendays/weather/rain/rain3",
			"goldendays/weather/rain/rain4"
		]
	}
}